timestamp,temperature,gpu_util,mem_util,memory_used,power_draw,sm_clock,pstate
2026/02/10 12:24:24.021,41,0,0,7,10.14,300,P8
2026/02/10 12:24:25.082,41,0,0,7,9.94,300,P8
2026/02/10 12:24:26.157,41,0,0,7,9.95,300,P8
2026/02/10 12:24:27.233,41,0,0,7,11.99,300,P8
2026/02/10 12:24:28.305,41,0,0,7,9.95,300,P8
2026/02/10 12:24:29.362,41,0,0,7,9.93,300,P8
2026/02/10 12:24:30.437,41,0,0,7,12.38,300,P8
2026/02/10 12:24:31.510,41,0,0,7,9.95,300,P8
2026/02/10 12:24:32.576,41,0,0,7,9.95,300,P8
2026/02/10 12:24:33.645,41,0,0,7,11.69,300,P8
2026/02/10 12:24:34.712,41,0,0,7,9.95,300,P8
2026/02/10 12:24:35.777,41,0,0,7,9.95,300,P8
2026/02/10 12:24:36.846,41,0,0,7,10.05,300,P8
2026/02/10 12:24:37.913,41,0,0,7,9.95,300,P8
2026/02/10 12:24:38.980,41,0,0,7,9.95,300,P8
2026/02/10 12:24:40.048,41,0,0,7,9.95,300,P8
2026/02/10 12:24:41.118,41,0,0,7,9.95,300,P8
2026/02/10 12:24:42.197,41,0,0,7,9.95,300,P8
2026/02/10 12:24:43.268,41,0,0,7,11.11,300,P8
2026/02/10 12:24:44.344,41,0,0,7,9.95,300,P8
2026/02/10 12:24:45.416,40,0,0,7,9.95,300,P8
2026/02/10 12:24:46.490,41,0,0,7,9.95,300,P8
2026/02/10 12:24:47.562,41,0,0,7,10.24,300,P8
2026/02/10 12:24:48.635,41,0,0,7,9.94,300,P8
2026/02/10 12:24:49.710,41,0,0,7,10.04,300,P8
2026/02/10 12:24:50.788,41,0,0,7,9.95,300,P8
2026/02/10 12:24:51.868,41,0,0,7,9.95,300,P8
2026/02/10 12:24:52.949,41,0,0,7,10.04,300,P8
2026/02/10 12:24:54.028,41,0,0,7,9.95,300,P8
2026/02/10 12:24:55.109,41,0,0,7,9.95,300,P8
2026/02/10 12:24:56.187,41,0,0,7,10.82,300,P8
2026/02/10 12:24:57.266,41,0,0,7,10.15,300,P8
2026/02/10 12:24:58.346,41,0,0,7,10.04,300,P8
2026/02/10 12:24:59.426,41,0,0,7,10.34,300,P8
2026/02/10 12:25:00.495,41,0,0,7,10.62,300,P8
2026/02/10 12:25:01.572,41,0,0,7,9.85,300,P8
2026/02/10 12:25:02.650,41,0,0,7,9.85,300,P8
2026/02/10 12:25:03.723,41,0,0,7,9.95,300,P8
2026/02/10 12:25:04.800,41,0,0,7,11.01,300,P8
2026/02/10 12:25:05.869,41,0,0,7,10.14,300,P8
2026/02/10 12:25:06.947,41,0,0,7,10.33,300,P8
2026/02/10 12:25:08.013,41,0,0,7,11.31,300,P8
2026/02/10 12:25:09.092,41,0,0,7,9.95,300,P8
2026/02/10 12:25:10.171,41,0,0,7,10.15,300,P8
2026/02/10 12:25:11.251,41,0,0,7,10.15,300,P8
2026/02/10 12:25:12.321,41,0,0,7,11.02,300,P8
2026/02/10 12:25:13.390,41,0,0,7,10.05,300,P8
2026/02/10 12:25:14.459,41,0,0,7,9.95,300,P8
2026/02/10 12:25:15.538,41,0,0,7,10.24,300,P8
2026/02/10 12:25:16.607,41,0,0,7,10.15,300,P8
2026/02/10 12:25:17.675,41,0,0,7,9.93,300,P8
2026/02/10 12:25:18.744,41,0,0,7,10.72,300,P8
2026/02/10 12:25:19.817,41,0,0,7,10.72,300,P8
2026/02/10 12:25:20.884,41,0,0,7,10.14,300,P8
2026/02/10 12:25:21.946,41,0,0,7,9.95,300,P8
2026/02/10 12:25:23.012,41,0,0,7,10.14,300,P8
2026/02/10 12:25:24.077,41,0,0,7,9.95,300,P8
2026/02/10 12:25:25.150,41,0,0,7,10.23,300,P8
2026/02/10 12:25:26.217,41,0,0,7,10.15,300,P8
2026/02/10 12:25:27.283,41,0,0,7,9.95,300,P8
2026/02/10 12:25:28.361,41,0,0,7,9.95,300,P8
2026/02/10 12:25:29.441,41,0,0,7,11.21,300,P8
2026/02/10 12:25:30.521,41,0,0,7,9.95,300,P8
2026/02/10 12:25:31.589,41,0,0,7,10.15,300,P8
2026/02/10 12:25:32.657,41,0,0,7,10.04,300,P8
2026/02/10 12:25:33.733,41,0,0,7,10.05,300,P8
2026/02/10 12:25:34.798,41,0,0,7,9.94,300,P8
2026/02/10 12:25:35.874,41,0,0,7,10.14,300,P8
2026/02/10 12:25:36.939,41,0,0,7,9.95,300,P8
2026/02/10 12:25:38.015,41,0,0,7,9.95,300,P8
2026/02/10 12:25:39.089,41,0,0,7,10.14,300,P8
2026/02/10 12:25:40.159,41,0,0,7,10.92,300,P8
2026/02/10 12:25:41.224,41,0,0,7,9.95,300,P8
2026/02/10 12:25:42.300,41,0,0,7,9.95,300,P8
2026/02/10 12:25:43.369,41,0,0,7,11.6,300,P8
2026/02/10 12:25:44.449,41,0,0,7,9.95,300,P8
2026/02/10 12:25:45.517,41,0,0,7,9.85,300,P8
2026/02/10 12:25:46.585,41,0,0,7,9.95,300,P8
2026/02/10 12:25:47.661,41,0,0,7,9.95,300,P8
2026/02/10 12:25:48.738,41,0,0,7,10.14,300,P8
2026/02/10 12:25:49.816,41,0,0,7,9.85,300,P8
2026/02/10 12:25:50.892,41,0,0,7,9.95,300,P8
2026/02/10 12:25:51.969,41,0,0,7,9.94,300,P8
2026/02/10 12:25:53.044,41,0,0,7,10.14,300,P8
2026/02/10 12:25:54.118,41,0,0,7,9.95,300,P8
2026/02/10 12:25:55.193,41,0,0,7,9.85,300,P8
2026/02/10 12:25:56.257,41,0,0,7,9.95,300,P8
2026/02/10 12:25:57.333,41,0,0,7,10.23,300,P8
2026/02/10 12:25:58.408,41,0,0,7,9.94,300,P8
2026/02/10 12:25:59.483,41,0,0,7,9.95,300,P8
2026/02/10 12:26:00.562,41,0,0,7,10.05,300,P8
2026/02/10 12:26:01.631,41,0,0,7,10.34,300,P8
2026/02/10 12:26:02.699,41,0,0,7,10.82,300,P8
2026/02/10 12:26:03.777,41,0,0,7,9.94,300,P8
2026/02/10 12:26:04.852,41,0,0,7,9.95,300,P8
2026/02/10 12:26:05.919,41,0,0,7,10.34,300,P8
2026/02/10 12:26:06.986,41,0,0,7,10.24,300,P8
2026/02/10 12:26:08.062,41,0,0,7,10.15,300,P8
2026/02/10 12:26:09.137,41,0,0,7,9.94,300,P8
2026/02/10 12:26:10.196,41,0,0,7,9.94,300,P8
2026/02/10 12:26:11.271,41,0,0,7,10.34,300,P8
2026/02/10 12:26:12.346,41,0,0,7,9.95,300,P8
2026/02/10 12:26:13.420,41,0,0,7,11.4,300,P8
2026/02/10 12:26:14.485,41,0,0,7,10.04,300,P8
2026/02/10 12:26:15.552,41,0,0,7,10.14,300,P8
2026/02/10 12:26:16.626,41,0,0,7,11.01,300,P8
2026/02/10 12:26:17.697,41,0,0,7,10.14,300,P8
2026/02/10 12:26:18.772,41,0,0,7,10.14,300,P8
2026/02/10 12:26:19.838,41,0,0,7,10.14,300,P8
2026/02/10 12:26:20.906,41,0,0,7,9.95,300,P8
2026/02/10 12:26:21.985,41,0,0,7,10.34,300,P8
2026/02/10 12:26:23.064,41,0,0,7,9.95,300,P8
2026/02/10 12:26:24.128,41,0,0,7,12.28,300,P8
2026/02/10 12:26:25.194,41,0,0,7,10.14,300,P8
2026/02/10 12:26:26.259,41,0,0,7,10.04,300,P8
2026/02/10 12:26:27.327,41,0,0,7,10.14,300,P8
2026/02/10 12:26:28.403,41,0,0,19,17.9,585,P0
2026/02/10 12:26:29.493,43,41,9,397,64.23,735,P0
2026/02/10 12:26:30.555,45,100,26,397,67.89,810,P0
2026/02/10 12:26:31.624,46,100,25,397,68.66,825,P0
2026/02/10 12:26:32.692,46,100,26,397,69.67,825,P0
2026/02/10 12:26:33.760,47,100,26,397,70.54,840,P0
2026/02/10 12:26:34.824,48,100,27,397,69.77,855,P0
2026/02/10 12:26:35.879,48,100,27,397,70.73,855,P0
2026/02/10 12:26:36.936,49,100,27,397,70.82,840,P0
2026/02/10 12:26:37.991,50,100,27,397,69.58,840,P0
2026/02/10 12:26:39.054,50,100,27,397,69.14,825,P0
2026/02/10 12:26:40.111,51,100,27,397,69.14,840,P0
2026/02/10 12:26:41.177,51,100,26,397,69.96,825,P0
2026/02/10 12:26:42.230,52,100,27,397,69.96,825,P0
2026/02/10 12:26:43.288,52,100,26,397,70.34,825,P0
2026/02/10 12:26:44.351,53,100,26,397,70.25,825,P0
2026/02/10 12:26:45.419,54,100,26,397,70.25,825,P0
2026/02/10 12:26:46.487,54,100,26,397,70.54,840,P0
2026/02/10 12:26:47.553,55,100,26,397,69.48,825,P0
2026/02/10 12:26:48.617,55,100,26,397,70.73,840,P0
2026/02/10 12:26:49.674,56,100,26,397,70.15,840,P0
2026/02/10 12:26:50.740,56,100,26,397,70.82,825,P0
2026/02/10 12:26:51.795,56,100,26,397,69.72,795,P0
2026/02/10 12:26:52.862,57,100,26,397,70.2,795,P0
2026/02/10 12:26:53.927,57,100,26,397,69.96,810,P0
2026/02/10 12:26:54.989,58,100,26,397,70.15,795,P0
2026/02/10 12:26:56.056,58,100,26,397,70.25,810,P0
2026/02/10 12:26:57.128,59,100,26,397,69.96,780,P0
2026/02/10 12:26:58.195,59,100,25,397,68.85,780,P0
2026/02/10 12:26:59.261,60,100,25,397,70.06,795,P0
2026/02/10 12:27:00.322,60,100,25,397,69.19,780,P0
2026/02/10 12:27:01.387,61,100,25,397,70.06,780,P0
2026/02/10 12:27:02.438,61,100,25,397,69.05,780,P0
2026/02/10 12:27:03.509,61,100,25,397,70.06,765,P0
2026/02/10 12:27:04.566,62,100,25,397,69.58,795,P0
2026/02/10 12:27:05.621,62,100,25,397,69.96,780,P0
2026/02/10 12:27:06.677,63,100,25,397,69.67,780,P0
2026/02/10 12:27:07.744,63,100,25,397,70.15,795,P0
2026/02/10 12:27:08.800,64,100,25,397,70.78,795,P0
2026/02/10 12:27:09.865,64,100,25,397,69.77,780,P0
2026/02/10 12:27:10.921,64,100,25,397,70.34,795,P0
2026/02/10 12:27:11.975,65,100,25,397,71.11,765,P0
2026/02/10 12:27:13.030,65,100,25,397,71.26,765,P0
2026/02/10 12:27:14.097,65,100,25,397,70.82,765,P0
2026/02/10 12:27:15.152,66,100,25,397,70.06,780,P0
2026/02/10 12:27:16.213,66,100,25,397,70.06,780,P0
2026/02/10 12:27:17.275,66,100,25,397,68.71,765,P0
2026/02/10 12:27:18.342,67,100,24,397,71.16,750,P0
2026/02/10 12:27:19.410,67,100,24,397,68.81,780,P0
2026/02/10 12:27:20.475,67,100,24,397,70.49,750,P0
2026/02/10 12:27:21.540,68,100,24,397,70.82,750,P0
2026/02/10 12:27:22.606,68,100,24,397,70.39,750,P0
2026/02/10 12:27:23.670,68,100,24,397,69.29,750,P0
2026/02/10 12:27:24.722,69,100,24,397,68.9,765,P0
2026/02/10 12:27:25.782,69,100,24,397,69.67,750,P0
2026/02/10 12:27:26.845,68,0,0,141,42.05,1590,P0
2026/02/10 12:27:27.907,67,0,0,141,32.1,585,P0
2026/02/10 12:27:28.973,67,0,0,141,32.0,585,P0
2026/02/10 12:27:30.039,66,0,0,141,31.91,585,P0
2026/02/10 12:27:31.094,66,0,0,141,31.91,585,P0
2026/02/10 12:27:32.151,66,0,0,141,32.0,585,P0
2026/02/10 12:27:33.215,66,0,0,141,31.81,585,P0
2026/02/10 12:27:34.271,66,0,0,141,31.81,585,P0
2026/02/10 12:27:35.337,66,0,0,141,31.71,585,P0
2026/02/10 12:27:36.392,66,0,0,141,31.73,585,P0
2026/02/10 12:27:37.457,66,0,0,7,31.98,585,P0
2026/02/10 12:27:38.513,65,0,0,7,31.71,585,P0
2026/02/10 12:27:39.568,64,0,0,7,12.47,300,P8
2026/02/10 12:27:40.633,64,0,0,7,11.69,300,P8
2026/02/10 12:27:41.707,63,0,0,7,11.69,300,P8
2026/02/10 12:27:42.785,63,0,0,7,11.6,300,P8
2026/02/10 12:27:43.859,63,0,0,7,11.4,300,P8
2026/02/10 12:27:44.926,63,0,0,7,11.41,300,P8
2026/02/10 12:27:45.995,62,0,0,7,11.51,300,P8
2026/02/10 12:27:47.062,62,0,0,7,11.51,300,P8
2026/02/10 12:27:48.141,62,0,0,7,11.51,300,P8
2026/02/10 12:27:49.210,62,0,0,7,11.51,300,P8
2026/02/10 12:27:50.278,62,0,0,7,13.25,300,P8
2026/02/10 12:27:51.354,61,0,0,7,11.21,300,P8
2026/02/10 12:27:52.420,61,0,0,7,11.69,300,P8
